PC1001,Manuf. Tie-up
PC1001, Garage Tie-up 
PC1001,Cashless Repairs
PC1002,Manuf. Tie-up
PC1002, Garage Tie-up 
PC1003,Manuf. Tie-up
PC1003, Garage Tie-up 
PC1003,Cashless Repairs
PC1004,Manuf. Tie-up
PC1004, Garage Tie-up 
PC1004,Cashless Repairs
PC1005,Manuf. Tie-up
PC1005, Garage Tie-up 
PC1005,Cashless Repairs
PC1006, Garage Tie-up 
PC1006,Cashless Repairs
PC1007, Garage Tie-up 
PC1007,Cashless Repairs
PC1008,Manuf. Tie-up
PC1008, Garage Tie-up 
PC1008,Cashless Repairs
PC1009, Garage Tie-up 
PC1010,Manuf. Tie-up
PC1010, Garage Tie-up 
PC1010,Cashless Repairs
PC1011, Garage Tie-up 
