PC1001,Inspection
PC1001,No claim Bonus
PC1002,Inspection
PC1002,No claim Bonus
PC1003,Inspection
PC1003,No claim Bonus
PC1004,Inspection
PC1004,No claim Bonus
PC1005,Inspection
PC1005,No claim Bonus
PC1005,Owner Age Limit
PC1006,Inspection
PC1006,No claim Bonus
PC1007,Inspection
PC1007,No claim Bonus
PC1008,Inspection
PC1008,No claim Bonus
PC1008,Owner Age Limit
PC1009,Inspection
PC1009,No claim Bonus
PC1010,Inspection
PC1010,No claim Bonus
PC1011,Inspection
PC1011,No claim Bonus
